Rk,Name,Date,To Team,From Team,Age,WAR3,Yrs,G,AB,R,H,HR,RBI,SB,BB,BA,OBP,SLG,OPS,W,L,ERA,WHIP,G,GS,SV,IP,H,HR,BB,SO
1,Chris Peters,2001-06-06,Cincinnati Reds,PIT,29,3.5,5,123,90,10,21,0,7,2,3,.233,.258,.244,.503,17,21,4.57,1.477,123,43,2,348.2,373,47,142,210
2,Joe Slusarski,2001-05-12,Houston Astros,HOU,34,1.7,6,106,9,1,1,0,1,0,0,.111,.111,.111,.222,13,20,4.97,1.512,106,34,3,289.2,317,41,121,162
3,Jesse Orosco,2001-04-24,Los Angeles Dodgers,STL,44,1.1,21,1096,59,2,10,0,4,0,7,.169,.250,.169,.419,84,75,3.03,1.243,1096,4,141,1218.1,973,102,541,1107
4,Mark Lewis,2001-04-16,Cleveland Indians,BAL,31,-1.9,10,896,2782,319,735,48,306,29,196,.264,.313,.381,.694,,,,,,,,,,,,
5,Bernard Gilkey,2001-04-12,Atlanta Braves,BOS,34,-0.8,11,1170,3955,598,1086,116,532,115,455,.275,.352,.435,.787,,,,,,,,,,,,
6,Ramon Martinez,2001-04-11,Pittsburgh Pirates,BOS,33,2.7,13,301,591,33,91,1,33,0,7,.154,.165,.183,.347,135,86,3.62,1.305,297,293,0,1880.0,1675,166,779,1418
7,Willie Blair,2001-04-10,Cleveland Indians,DET,35,0.2,11,409,146,6,11,0,5,0,6,.075,.112,.082,.194,59,82,4.93,1.443,409,135,4,1250.0,1400,167,404,744
8,John Mabry,2001-04-09,Florida Marlins,SDP,30,-2.7,7,727,2207,250,608,49,265,5,167,.275,.328,.400,.728,0,0,27.00,6.000,1,0,0,0.2,3,0,1,0
9,Billy Taylor,2001-04-03,Pittsburgh Pirates,TBD,39,0.7,6,316,0,0,0,0,0,0,0,,,,,16,28,4.21,1.379,316,0,100,322.2,312,26,133,304
10,Willie Banks,2001-04-02,Arizona Diamondbacks,NYM,32,-0.2,7,150,68,5,12,0,1,0,2,.176,.222,.206,.428,31,38,4.93,1.568,147,84,1,560.2,595,60,284,392
11,Hector Carrasco,2001-03-30,Minnesota Twins,BOS,31,2.8,7,402,18,0,1,0,0,0,0,.056,.056,.056,.111,24,33,4.10,1.476,402,1,14,493.1,479,32,249,385
12,Julio Santana,2001-03-30,San Francisco Giants,MON,28,0.5,4,123,14,0,2,0,1,0,0,.143,.143,.143,.286,11,21,5.71,1.622,123,42,0,371.2,427,55,176,217
13,Trace Coquillette,2001-03-29,Cleveland Indians,MON,27,-0.3,2,51,108,8,25,1,12,1,11,.231,.306,.324,.630,,,,,,,,,,,,
14,Derrin Ebert,2001-03-28,Boston Red Sox,ATL,24,-0.1,1,,,,,,,,,,,,,,,,,,,,,,,,
15,Scott Servais,2001-03-28,Houston Astros,SFG,34,-1.1,10,809,2477,242,605,63,319,3,181,.244,.305,.375,.680,,,,,,,,,,,,
16,Chris Petersen,2001-03-23,Pittsburgh Pirates,ATL,30,0.0,1,,,,,,,,,,,,,,,,,,,,,,,,
17,Calvin Maduro,2001-03-21,Baltimore Orioles,BAL,26,-0.8,3,35,24,1,1,0,0,0,0,.042,.042,.042,.083,3,8,7.22,1.687,34,17,0,109.2,125,21,60,60
18,Rickey Henderson HOF,2001-03-19,San Diego Padres,SEA,42,4.8,22,2856,10331,2178,2914,282,1052,1370,2060,.282,.404,.423,.827,,,,,,,,,,,,
19,Sean Bergman,2001-03-17,Colorado Rockies,FLA,31,0.6,8,198,133,10,15,3,11,0,0,.113,.113,.211,.323,39,47,5.28,1.578,196,117,0,750.1,912,99,272,455
20,Benito Santiago,2001-03-17,San Francisco Giants,CIN,36,0.6,15,1556,5397,591,1406,178,722,81,343,.261,.305,.415,.721,,,,,,,,,,,,
21,Mike Mohler,2001-03-08,Arizona Diamondbacks,OAK,32,-0.5,8,336,4,0,1,0,0,0,0,.250,.250,.250,.500,14,27,4.91,1.579,334,20,10,403.1,414,42,223,274
22,Matt Beech,2001-02-28,Texas Rangers,PHI,29,-0.9,4,,,,,,,,,,,,,,,,,,,,,,,,
23,Rudy Seanez,2001-02-25,San Diego Padres,ATL,32,1.6,9,204,4,1,0,0,0,0,1,.000,.200,.000,.200,16,11,4.59,1.440,204,0,10,209.2,191,20,111,197
24,Damon Hollins,2001-02-23,Minnesota Twins,MIL,27,-0.2,1,8,15,1,3,0,2,0,0,.200,.200,.200,.400,,,,,,,,,,,,
25,Jeff Reboulet,2001-02-20,Los Angeles Dodgers,KCR,37,1.6,9,793,1706,235,406,14,153,20,226,.238,.330,.307,.637,,,,,,,,,,,,
26,Tim Byrdak,2001-02-19,Cleveland Indians,KCR,27,-1.3,3,48,2,1,1,0,0,0,0,.500,.500,1.000,1.500,0,4,8.27,2.204,48,0,1,32.2,48,9,24,26
27,Deion Sanders,2001-02-19,Cincinnati Reds,CIN,33,,8,609,2048,302,545,38,164,183,155,.266,.322,.398,.720,,,,,,,,,,,,
28,Manny Alexander,2001-02-18,Seattle Mariners,BOS,30,-1.5,8,541,1198,161,280,15,108,37,81,.234,.285,.328,.613,,,,,,,,,,,,
29,Bobby Jones,2001-02-15,San Diego Padres,NYM,31,3.1,8,193,352,22,46,1,14,0,12,.131,.162,.156,.318,74,56,4.13,1.323,193,190,0,1215.2,1255,137,353,714
30,Henry Rodriguez,2001-02-15,New York Yankees,FLA,33,3.7,9,925,3003,388,783,160,520,10,272,.261,.322,.485,.807,,,,,,,,,,,,
31,Mike Caruso,2001-02-13,Tampa Bay Devil Rays,SEA,24,1.1,2,269,1052,141,292,7,90,34,34,.278,.305,.343,.649,,,,,,,,,,,,
32,Andrew Lorraine,2001-02-13,Florida Marlins,CLE,28,-0.0,6,55,23,3,3,0,0,0,2,.130,.200,.174,.374,6,10,6.18,1.675,54,25,0,163.0,196,24,77,103
33,Mike Oquist,2001-02-12,Minnesota Twins,DET,33,0.9,7,,,,,,,,,,,,,,,,,,,,,,,,
34,Matt Walbeck,2001-02-09,Cincinnati Reds,ANA,31,-0.5,8,595,1885,200,447,27,199,13,127,.237,.287,.323,.610,,,,,,,,,,,,
35,Kirk Bullinger,2001-02-08,Cleveland Indians,PHI,31,-0.4,3,15,1,0,0,0,0,0,0,.000,.000,.000,.000,1,0,7.30,1.784,15,0,0,12.1,20,1,2,6
36,Dante Powell,2001-02-07,San Francisco Giants,STL,27,-0.2,3,57,68,14,18,2,5,3,9,.265,.351,.412,.762,,,,,,,,,,,,
37,Jeff Tabaka,2001-02-06,St. Louis Cardinals,COL,37,0.9,5,131,4,1,1,0,0,0,1,.250,.400,.500,.900,6,5,4.23,1.424,131,0,2,144.2,125,15,81,116
38,Jed Hansen,2001-02-04,Kansas City Royals,CIN,28,-1.0,3,,,,,,,,,,,,,,,,,,,,,,,,
39,Matt Franco,2001-02-02,New York Mets,NYM,31,-0.4,6,468,638,74,163,13,72,1,86,.255,.344,.359,.703,,,,,,,,,,,,
40,Jose Parra,2001-02-02,Pittsburgh Pirates,PIT,28,-0.0,3,53,0,0,0,0,0,0,2,,1.000,,,6,11,6.62,1.692,53,19,0,153.2,198,31,62,95
41,Jamie Arnold,2001-02-01,San Francisco Giants,CHC,27,-1.6,2,50,19,1,3,0,1,0,0,.158,.200,.211,.411,2,7,5.73,1.634,50,7,2,108.1,119,7,58,42
42,Rusty Meacham,2001-01-31,Tampa Bay Devil Rays,HOU,33,-0.1,7,194,0,0,0,0,0,0,0,,,,,22,14,4.30,1.381,194,9,9,307.2,342,36,83,185
43,Paul Byrd,2001-01-29,Philadelphia Phillies,PHI,30,2.0,6,144,103,9,15,0,6,0,7,.146,.214,.146,.360,29,28,4.62,1.368,144,59,0,461.1,452,71,179,292
44,Todd Erdos,2001-01-29,Boston Red Sox,SDP,27,-0.2,4,53,3,0,0,0,0,0,0,.000,.000,.000,.000,2,0,5.70,1.642,53,0,2,77.1,90,10,37,51
45,Adam Melhuse,2001-01-29,Colorado Rockies,COL,29,-0.2,1,24,24,3,4,0,4,0,3,.167,.259,.250,.509,,,,,,,,,,,,
46,Rick Wilkins,2001-01-29,San Diego Padres,STL,34,-0.1,10,708,2092,277,511,80,267,9,276,.244,.333,.411,.744,,,,,,,,,,,,
47,Marc Valdes,2001-01-27,Atlanta Braves,HOU,29,-1.1,5,135,43,1,4,0,1,0,2,.093,.152,.093,.245,11,15,4.88,1.605,135,22,4,243.2,274,17,117,132
48,Matt Whiteside,2001-01-27,Atlanta Braves,SDP,33,-1.1,9,271,2,0,0,0,0,0,0,.000,.000,.000,.000,18,14,5.01,1.479,271,1,9,386.0,426,44,145,244
49,Luis Alicea,2001-01-26,Kansas City Royals,TEX,35,3.0,11,1134,3347,479,871,42,367,71,445,.260,.350,.375,.726,,,,,,,,,,,,
50,Steve Avery,2001-01-26,Atlanta Braves,ATL,31,-0.2,10,287,436,34,75,4,32,1,12,.172,.192,.250,.442,94,83,4.17,1.347,278,261,0,1538.2,1510,143,562,974
51,Butch Huskey,2001-01-26,Cleveland Indians,COL,29,0.8,7,642,2078,259,555,86,336,21,164,.267,.318,.442,.760,,,,,,,,,,,,
52,Alex Rodriguez,2001-01-26,Texas Rangers,SEA,25,23.6,7,790,3126,627,966,189,595,133,310,.309,.374,.561,.934,,,,,,,,,,,,
53,Wally Joyner,2001-01-25,Anaheim Angels,ATL,39,2.7,15,1980,6979,959,2024,201,1092,59,820,.290,.364,.441,.805,,,,,,,,,,,,
54,Stan Spencer,2001-01-24,San Diego Padres,SDP,31,-0.5,3,24,31,0,5,0,1,0,0,.161,.188,.226,.413,3,9,5.54,1.374,23,21,0,118.2,129,23,34,107
55,Don Wengert,2001-01-24,Pittsburgh Pirates,ATL,31,-1.4,6,158,16,0,0,0,0,0,1,.000,.059,.000,.059,14,30,5.77,1.625,156,44,3,422.2,536,71,151,222
56,Raul Ibanez,2001-01-22,Kansas City Royals,SEA,29,-0.2,5,231,478,59,115,14,58,7,36,.241,.295,.383,.678,,,,,,,,,,,,
57,Trever Miller,2001-01-22,Boston Red Sox,LAD,28,-0.2,4,105,6,1,1,0,0,0,0,.167,.167,.333,.500,5,6,5.43,1.765,105,5,2,136.0,170,16,70,86
58,Pedro Swann,2001-01-22,Atlanta Braves,ATL,30,-0.1,1,4,2,0,0,0,0,0,0,.000,.000,.000,.000,,,,,,,,,,,,
59,Scott Radinsky,2001-01-20,Cleveland Indians,STL,33,1.7,10,555,5,0,0,0,0,0,0,.000,.000,.000,.000,42,25,3.34,1.382,555,0,52,479.2,457,31,206,355
60,Craig Grebeck,2001-01-19,Boston Red Sox,TOR,36,2.3,11,729,1947,238,516,19,185,4,226,.265,.345,.362,.707,,,,,,,,,,,,
61,Reggie Harris,2001-01-19,Pittsburgh Pirates,MIL,32,0.2,10,,,,,,,,,,,,,,,,,,,,,,,,
62,Heath Murray,2001-01-18,Detroit Tigers,LAD,28,-0.1,2,39,19,1,2,0,0,0,1,.105,.150,.105,.255,1,6,6.16,1.884,39,11,0,83.1,110,10,47,41
63,Tim Bogar,2001-01-17,Los Angeles Dodgers,HOU,34,-1.7,8,689,1501,176,340,22,159,13,141,.227,.297,.327,.624,0,0,4.50,1.500,2,0,0,2.0,2,1,1,1
64,Jeremy Powell,2001-01-17,San Diego Padres,MON,25,-0.8,3,35,41,3,7,0,1,0,3,.171,.227,.220,.447,5,16,5.84,1.615,35,27,0,148.0,175,25,64,77
65,Jose Canseco,2001-01-16,Anaheim Angels,NYY,36,5.3,16,1811,6801,1140,1811,446,1358,198,861,.266,.352,.516,.868,,,,,,,,,,,,
66,Jeff Reed,2001-01-16,Chicago Cubs,CHC,38,2.0,17,1234,3101,311,774,61,323,7,391,.250,.334,.361,.695,,,,,,,,,,,,
67,Doug Linton,2001-01-15,Los Angeles Dodgers,COL,36,-0.1,6,105,7,0,0,0,0,0,0,.000,.000,.000,.000,17,20,5.86,1.600,105,35,0,296.1,353,48,121,199
68,Rick DeHart,2001-01-13,Los Angeles Dodgers,LAD,31,-1.0,3,52,2,0,0,0,0,0,0,.000,.000,.000,.000,2,1,5.64,1.746,52,0,1,59.0,73,12,30,44
69,Mike Porzio,2001-01-13,Chicago White Sox,COL,28,0.0,1,16,0,0,0,0,0,0,0,,,,,0,0,8.59,2.114,16,0,0,14.2,21,5,10,10
70,Jeff Brantley,2001-01-12,Texas Rangers,PHI,37,-0.7,13,597,68,5,8,0,5,0,2,.118,.143,.132,.275,43,45,3.35,1.294,597,18,172,838.1,728,100,357,717
71,Roberto Kelly,2001-01-12,Colorado Rockies,NYY,36,1.8,14,1337,4797,687,1390,124,585,235,317,.290,.337,.430,.767,,,,,,,,,,,,
72,Israel Alcantara,2001-01-11,Boston Red Sox,BOS,28,0.3,1,21,45,9,13,4,7,0,3,.289,.333,.578,.911,,,,,,,,,,,,
73,Brant Brown,2001-01-11,Milwaukee Brewers,CHC,30,-1.0,5,424,1056,142,261,45,146,15,74,.247,.301,.445,.746,,,,,,,,,,,,
74,David Cone,2001-01-11,Boston Red Sox,NYY,38,8.1,15,421,407,28,63,0,22,0,16,.155,.192,.177,.369,184,116,3.40,1.240,420,390,1,2745.0,2336,237,1067,2540
75,Eric Davis,2001-01-11,San Francisco Giants,STL,39,4.7,16,1552,5165,921,1398,278,912,348,727,.271,.361,.486,.847,,,,,,,,,,,,
76,Tom Evans,2001-01-11,Detroit Tigers,TEX,26,-0.3,3,42,102,17,26,1,7,0,13,.255,.347,.343,.691,,,,,,,,,,,,
77,Pat Mahomes,2001-01-11,Texas Rangers,NYM,30,0.6,8,230,33,4,9,0,4,0,1,.273,.294,.394,.688,34,31,5.55,1.602,227,56,5,546.2,568,94,308,355
78,Reggie Sanders,2001-01-11,Arizona Diamondbacks,ATL,33,6.5,10,1041,3703,634,996,162,540,215,443,.269,.351,.476,.827,,,,,,,,,,,,
79,Kevin Sefcik,2001-01-11,Colorado Rockies,PHI,30,1.7,6,424,770,92,212,6,56,21,80,.275,.351,.371,.723,,,,,,,,,,,,
80,Ron Coomer,2001-01-10,Chicago Cubs,MIN,34,0.3,6,676,2397,283,667,77,364,13,132,.278,.315,.431,.746,,,,,,,,,,,,
81,Jose Fernandez,2001-01-10,Anaheim Angels,MIL,26,-0.3,1,8,24,0,5,0,1,0,1,.208,.240,.292,.532,,,,,,,,,,,,
82,Gabe Molina,2001-01-10,Florida Marlins,ATL,26,-0.8,2,31,0,0,0,0,0,0,0,,,,,1,2,7.58,2.000,31,0,0,38.0,50,7,26,23
83,Kelly Stinnett,2001-01-10,Cincinnati Reds,ARI,31,2.6,7,424,1206,139,281,39,140,6,123,.233,.318,.380,.697,,,,,,,,,,,,
84,Jeff Wallace,2001-01-10,Tampa Bay Devil Rays,CIN,25,0.0,3,90,1,0,0,0,0,0,1,.000,.500,.000,.500,3,0,4.67,1.800,90,0,0,86.2,76,7,80,82
85,Jason Wood,2001-01-10,Pittsburgh Pirates,PIT,31,-0.2,2,40,68,11,15,2,9,0,5,.221,.274,.353,.627,,,,,,,,,,,,
86,Todd Dunwoody,2001-01-09,Chicago Cubs,KCR,26,-1.4,4,260,848,92,200,10,78,13,48,.236,.280,.351,.632,,,,,,,,,,,,
87,Juan Gonzalez,2001-01-09,Cleveland Indians,DET,31,10.7,12,1363,5292,860,1554,362,1142,22,376,.294,.343,.566,.908,,,,,,,,,,,,
88,Wilton Guerrero,2001-01-09,Cincinnati Reds,MON,26,-0.9,5,491,1364,162,387,10,113,29,54,.284,.311,.379,.690,,,,,,,,,,,,
89,Thomas Howard,2001-01-09,Pittsburgh Pirates,STL,36,-0.9,11,1015,2483,297,655,44,264,66,165,.264,.311,.384,.695,,,,,,,,,,,,
90,Jason Phillips,2001-01-09,Pittsburgh Pirates,PIT,27,-0.4,1,6,0,0,0,0,0,0,0,,,,,0,0,11.57,2.429,6,0,0,7.0,11,2,6,7
91,John Wehner,2001-01-09,Pittsburgh Pirates,PIT,34,-0.9,10,418,753,96,190,4,52,13,63,.252,.310,.321,.631,,,,,,,,,,,,
92,Kurt Abbott,2001-01-08,Atlanta Braves,NYM,32,-1.7,8,696,2035,273,521,62,242,21,133,.256,.305,.424,.729,,,,,,,,,,,,
93,Harold Baines,2001-01-08,Chicago White Sox,CHW,42,3.2,21,2798,9824,1296,2855,384,1622,34,1054,.291,.357,.467,.824,,,,,,,,,,,,
94,Mike Gulan,2001-01-08,Florida Marlins,FLA,30,,1,5,9,2,0,0,1,0,1,.000,.100,.000,.100,,,,,,,,,,,,
95,Mendy Lopez,2001-01-08,Houston Astros,FLA,27,0.2,3,85,229,20,58,1,18,5,13,.253,.298,.336,.634,,,,,,,,,,,,
96,Jason McDonald,2001-01-08,Milwaukee Brewers,TEX,29,2.0,4,286,692,113,167,11,51,33,105,.241,.347,.342,.689,,,,,,,,,,,,
97,Walt McKeel,2001-01-08,Colorado Rockies,COL,29,,2,6,3,0,0,0,0,0,0,.000,.000,.000,.000,,,,,,,,,,,,
98,Orlando Merced,2001-01-08,Houston Astros,HOU,34,0.5,10,1051,3398,490,951,88,500,45,432,.280,.361,.427,.788,,,,,,,,,,,,
99,Scott Pose,2001-01-08,Houston Astros,KCR,34,-0.6,4,202,313,52,75,0,21,9,38,.240,.321,.268,.589,,,,,,,,,,,,
100,Brad Rigby,2001-01-08,Houston Astros,MON,28,-0.6,3,73,4,0,0,0,0,0,0,.000,.000,.000,.000,5,13,5.50,1.611,73,14,2,175.0,221,31,61,75
101,Shane Andrews,2001-01-05,St. Louis Cardinals,CHC,29,1.2,6,562,1691,194,374,86,263,7,190,.221,.299,.423,.722,,,,,,,,,,,,
102,Mark Guthrie,2001-01-05,Oakland Athletics,TOR,35,0.5,12,579,11,0,1,0,0,0,0,.091,.091,.091,.182,38,46,4.18,1.418,578,43,12,835.2,865,85,320,658
103,Kevin Jarvis,2001-01-05,San Diego Padres,COL,31,-0.3,6,110,96,8,13,0,2,0,2,.135,.170,.167,.337,15,23,6.43,1.638,109,59,1,414.0,530,83,148,225
104,Kevin Jordan,2001-01-05,Philadelphia Phillies,PHI,31,-1.2,6,492,1296,129,336,22,162,2,59,.259,.295,.368,.663,,,,,,,,,,,,
105,Dave Magadan,2001-01-05,San Diego Padres,SDP,38,2.0,15,1491,4031,504,1165,41,483,11,706,.289,.392,.378,.771,,,,,,,,,,,,
106,Kent Mercker,2001-01-05,Boston Red Sox,ANA,33,0.3,12,372,244,12,28,1,18,0,11,.115,.152,.164,.316,63,61,4.31,1.450,366,150,19,1069.1,1062,117,488,713
107,Greg Norton,2001-01-05,Colorado Rockies,CHW,28,-1.7,5,337,993,134,245,33,118,8,127,.247,.334,.408,.742,,,,,,,,,,,,
108,Steve Ontiveros,2001-01-05,New York Mets,BOS,40,-0.2,10,211,12,3,1,0,3,0,1,.083,.154,.167,.321,34,31,3.67,1.253,207,73,19,661.2,622,60,207,382
109,Jorge Velandia,2001-01-05,New York Mets,NYM,26,-0.4,4,118,112,6,16,0,4,2,5,.143,.193,.179,.372,,,,,,,,,,,,
110,Bryan Ward,2001-01-05,Boston Red Sox,ANA,29,0.0,3,95,0,0,0,0,0,0,1,,1.000,,,1,3,5.09,1.527,95,0,1,93.2,115,17,28,66
111,Giovanni Carrara,2001-01-04,Los Angeles Dodgers,COL,33,-0.6,4,41,10,1,0,0,0,0,0,.000,.000,.000,.000,3,7,8.24,1.994,41,14,0,110.1,153,30,67,70
112,Shawn Gilbert,2001-01-04,Los Angeles Dodgers,LAD,36,-0.2,3,51,47,9,7,2,4,2,3,.149,.200,.298,.498,,,,,,,,,,,,
113,Chris Turner,2001-01-04,Philadelphia Phillies,NYY,32,-0.5,8,158,379,49,90,4,36,5,36,.237,.307,.322,.629,,,,,,,,,,,,
114,Ismael Valdez,2001-01-04,Anaheim Angels,LAD,27,5.3,7,198,322,14,39,1,11,3,10,.121,.148,.146,.294,63,61,3.59,1.248,197,170,1,1132.0,1087,126,326,830
115,Brian Williams,2001-01-04,Boston Red Sox,CLE,32,-0.6,9,260,85,5,15,0,9,0,0,.176,.174,.224,.398,26,38,5.37,1.658,256,59,6,595.1,655,62,332,397
116,Kent Bottenfield,2001-01-03,Houston Astros,PHI,32,5.0,8,279,177,13,29,0,10,1,2,.164,.178,.181,.359,44,44,4.43,1.463,279,107,9,859.2,889,107,369,527
117,Jim Mann,2001-01-03,Houston Astros,NYM,26,-0.1,1,2,0,0,0,0,0,0,0,,,,,0,0,10.13,2.625,2,0,0,2.2,6,1,1,0
118,Mark Sweeney,2001-01-03,Milwaukee Brewers,MIL,31,0.1,6,480,707,85,184,12,86,7,105,.260,.356,.369,.725,,,,,,,,,,,,
119,Cory Bailey,2001-01-02,Kansas City Royals,PIT,30,0.0,6,82,2,2,1,0,0,0,2,.500,.750,.500,1.250,5,5,4.23,1.601,82,0,0,93.2,98,5,52,65
120,Charlie Hayes,2001-01-02,Houston Astros,MIL,36,1.0,13,1516,5212,576,1369,144,736,47,413,.263,.317,.399,.716,,,,,,,,,,,,
121,Chris Nichting,2001-01-01,Cincinnati Reds,CLE,35,-0.1,2,20,0,0,0,0,0,0,0,,,,,0,0,7.02,2.010,20,0,0,33.1,49,1,18,13
122,Tim Spehr,2001-01-01,Cincinnati Reds,BOS,34,0.6,9,,,,,,,,,,,,,,,,,,,,,,,,
123,Mark Johnson,2000-12-28,New York Mets,NYM,33,-0.5,5,315,819,120,192,31,110,12,129,.234,.342,.399,.741,,,,,,,,,,,,
124,Joe Roa,2000-12-28,Florida Marlins,CLE,29,,3,30,15,0,2,0,0,0,1,.133,.188,.133,.321,2,6,5.40,1.691,30,4,0,73.1,99,9,25,34
125,Mike Romano,2000-12-28,Atlanta Braves,MIN,29,-0.2,1,,,,,,,,,,,,,,,,,,,,,,,,
126,Marty Malloy,2000-12-27,Cincinnati Reds,DET,29,-0.1,1,11,28,3,5,1,1,0,2,.179,.233,.321,.555,,,,,,,,,,,,
127,Jeff D'Amico,2000-12-24,Kansas City Royals,KCR,26,-0.3,1,7,0,0,0,0,0,0,0,,,,,0,1,9.22,2.488,7,1,0,13.2,19,2,15,9
128,Oscar Henriquez,2000-12-23,New York Mets,NYM,27,-0.8,2,19,1,0,0,0,0,0,0,.000,.000,.000,.000,0,1,7.88,1.792,19,0,0,24.0,28,4,15,22
129,Bret Boone,2000-12-22,Seattle Mariners,SDP,32,1.9,9,1072,3911,503,996,125,536,47,307,.255,.312,.413,.725,,,,,,,,,,,,
130,Jeffrey Hammonds,2000-12-22,Milwaukee Brewers,COL,30,5.7,8,681,2151,369,607,88,341,56,193,.282,.343,.470,.813,,,,,,,,,,,,
131,Tom Lampkin,2000-12-22,Seattle Mariners,SEA,37,2.5,11,594,1311,164,315,41,177,18,137,.240,.322,.389,.711,,,,,,,,,,,,
132,Peter Munro,2000-12-22,Texas Rangers,TEX,26,-0.4,2,40,1,0,0,0,0,0,0,.000,.000,.000,.000,1,3,6.00,1.815,40,5,0,81.0,108,7,39,54
133,Brian Shouse,2000-12-22,Houston Astros,BAL,32,-0.1,2,13,0,0,0,0,0,0,0,,,,,0,1,6.75,1.833,13,0,0,12.0,16,3,6,8
134,Kevin Witt,2000-12-22,San Diego Padres,TOR,25,-0.3,2,20,41,3,8,1,5,0,2,.195,.233,.293,.525,,,,,,,,,,,,
135,Raul Gonzalez,2000-12-21,Cincinnati Reds,CHC,27,-0.1,1,3,2,0,0,0,0,0,0,.000,.000,.000,.000,,,,,,,,,,,,
136,Brian Johnson,2000-12-21,Los Angeles Dodgers,NYY,33,-0.2,7,468,1411,132,350,49,195,1,80,.248,.291,.403,.694,,,,,,,,,,,,
137,Curtis Pride,2000-12-21,Montreal Expos,LAD,32,0.4,6,313,630,110,162,17,67,25,70,.257,.334,.421,.755,,,,,,,,,,,,
138,Bob Scanlan,2000-12-21,Montreal Expos,MIL,34,-0.1,8,272,30,1,2,0,3,0,1,.067,.094,.067,.160,20,34,4.46,1.452,272,39,17,510.1,546,41,195,240
139,David Segui,2000-12-21,Baltimore Orioles,CLE,34,6.6,11,1263,4177,591,1220,121,590,15,433,.292,.357,.445,.802,,,,,,,,,,,,
140,Aaron Small,2000-12-21,Anaheim Angels,COL,29,-0.6,5,138,1,0,0,0,0,0,0,.000,.000,.000,.000,15,10,5.23,1.654,138,3,4,201.1,241,19,92,112
141,Scott Aldred,2000-12-20,Cleveland Indians,PHI,33,1.1,9,229,1,0,0,0,0,0,0,.000,.000,.000,.000,20,39,6.02,1.623,229,67,1,499.2,581,78,230,312
142,Rigo Beltran,2000-12-20,Philadelphia Phillies,COL,31,0.1,4,76,11,1,2,0,0,0,0,.182,.182,.273,.455,2,3,4.34,1.438,76,5,1,105.2,109,13,43,106
143,Mike Bordick,2000-12-20,Baltimore Orioles,NYM,35,10.7,11,1443,4831,568,1264,71,506,77,415,.262,.324,.359,.683,,,,,,,,,,,,
144,John Burkett,2000-12-20,Atlanta Braves,ATL,36,2.2,12,351,471,20,44,0,17,0,23,.093,.137,.106,.244,129,107,4.35,1.355,350,330,1,2074.1,2278,195,533,1348
145,Marty Cordova,2000-12-20,Cleveland Indians,TOR,31,-1.4,6,690,2522,359,692,83,403,55,251,.274,.346,.442,.788,,,,,,,,,,,,
146,Eric Gunderson,2000-12-20,Cleveland Indians,SFG,35,-0.2,10,254,6,1,0,0,0,0,0,.000,.143,.000,.143,8,11,4.95,1.563,254,5,2,229.0,274,29,84,137
147,Dave Hollins,2000-12-20,Cleveland Indians,CLE,35,-0.8,10,967,3324,577,867,112,482,47,463,.261,.359,.422,.781,,,,,,,,,,,,
148,Tim Laker,2000-12-20,Cleveland Indians,PIT,31,0.1,6,165,325,31,73,4,34,3,22,.225,.275,.317,.592,,,,,,,,,,,,
149,Brian Lesher,2000-12-20,Milwaukee Brewers,SEA,30,0.3,4,84,225,29,54,9,36,5,15,.240,.287,.418,.705,,,,,,,,,,,,
150,Clint Sodowsky,2000-12-20,Philadelphia Phillies,TEX,28,-1.7,5,,,,,,,,,,,,,,,,,,,,,,,,
151,Rob Stanifer,2000-12-20,Chicago Cubs,BOS,29,-1.4,3,82,8,1,2,0,1,0,0,.250,.333,.375,.708,3,6,5.43,1.519,82,0,2,106.0,119,17,42,61
152,Ed Vosberg,2000-12-20,Philadelphia Phillies,PHI,39,-0.3,8,244,2,0,0,0,0,0,0,.000,.000,.000,.000,10,15,4.34,1.566,244,3,13,219.2,239,21,105,168
153,Pat Hentgen,2000-12-19,Baltimore Orioles,STL,32,4.7,10,285,78,4,9,0,0,0,4,.115,.159,.115,.274,120,88,4.21,1.391,285,255,0,1750.0,1789,215,646,1113
154,Todd Hundley,2000-12-19,Chicago Cubs,LAD,32,1.0,11,1033,3224,438,775,172,522,14,388,.240,.325,.451,.775,,,,,,,,,,,,
155,Izzy Molina,2000-12-19,Toronto Blue Jays,KCR,30,0.1,3,68,138,7,28,3,8,0,4,.203,.225,.319,.544,,,,,,,,,,,,
156,Tom Prince,2000-12-19,Minnesota Twins,PHI,36,0.1,14,372,821,75,167,11,95,4,74,.203,.280,.313,.593,,,,,,,,,,,,
157,Manny Ramirez,2000-12-19,Boston Red Sox,CLE,29,17.3,8,967,3470,665,1086,236,804,28,541,.313,.407,.592,.998,,,,,,,,,,,,
158,Sandy Alomar,2000-12-18,Chicago White Sox,CLE,35,0.8,13,993,3429,417,948,93,459,24,168,.276,.315,.419,.734,,,,,,,,,,,,
159,Jason Bere,2000-12-18,Chicago Cubs,CLE,30,-0.7,8,161,75,6,15,0,3,0,3,.200,.241,.227,.467,59,44,5.28,1.613,161,153,0,830.2,821,108,519,679
160,Jeff Branson,2000-12-18,Los Angeles Dodgers,LAD,34,-0.8,8,681,1534,170,377,34,156,9,122,.246,.300,.374,.673,,,,,,,,,,,,
161,Charles Johnson,2000-12-18,Florida Marlins,CHW,29,9.2,7,741,2434,300,607,110,346,3,299,.249,.333,.436,.769,,,,,,,,,,,,
162,Allen McDill,2000-12-18,Boston Red Sox,STL,29,-0.4,3,23,0,0,0,0,0,0,0,,,,,0,0,9.45,1.800,23,0,0,20.0,25,6,11,12
163,Chris Tremie,2000-12-18,Houston Astros,FLA,31,-0.0,3,21,41,3,6,0,1,0,4,.146,.222,.171,.393,,,,,,,,,,,,
164,Ricky Bottalico,2000-12-15,Philadelphia Phillies,KCR,31,-0.7,7,364,12,0,1,0,0,0,0,.083,.083,.167,.250,24,31,4.01,1.406,364,0,111,421.2,370,47,223,402
165,Chris Clapinski,2000-12-15,Florida Marlins,FLA,29,0.4,2,70,105,18,28,1,9,1,14,.267,.358,.400,.758,,,,,,,,,,,,
166,Midre Cummings,2000-12-15,Arizona Diamondbacks,BOS,29,1.0,8,416,1037,125,265,20,116,8,89,.256,.317,.382,.699,,,,,,,,,,,,
167,Adam Riggs,2000-12-15,San Diego Padres,LAD,28,,1,9,20,3,4,0,1,1,4,.200,.333,.250,.583,,,,,,,,,,,,
168,Scott Service,2000-12-15,Los Angeles Dodgers,OAK,34,0.9,10,285,16,0,1,0,1,0,0,.063,.063,.063,.125,19,19,4.90,1.485,284,1,15,361.2,373,47,164,361
169,Jon Shave,2000-12-15,Boston Red Sox,TEX,33,0.4,7,,,,,,,,,,,,,,,,,,,,,,,,
170,Mark Wohlers,2000-12-15,Cincinnati Reds,CIN,31,-1.2,10,408,12,1,1,0,0,0,0,.083,.083,.083,.167,32,24,3.78,1.378,408,0,112,414.1,350,23,221,457
171,Brian Boehringer,2000-12-14,New York Yankees,SDP,32,1.3,6,152,27,0,2,0,2,0,3,.074,.167,.111,.278,16,19,4.53,1.555,152,21,0,298.1,299,39,165,240
172,Tom Gordon,2000-12-14,Chicago Cubs,BOS,33,2.6,12,447,0,0,0,0,0,0,0,,,,,104,96,4.15,1.412,444,203,71,1645.0,1516,133,807,1431
173,Michael Jackson,2000-12-14,Houston Astros,PHI,36,4.9,14,835,27,3,5,0,1,0,1,.185,.214,.259,.474,53,61,3.26,1.194,835,7,138,1017.2,801,101,414,905
174,Steve Trachsel,2000-12-14,New York Mets,TOR,30,6.4,8,221,355,30,61,2,23,1,18,.172,.213,.223,.436,68,84,4.42,1.393,221,220,0,1347.0,1391,195,486,939
175,Matt Whisenant,2000-12-14,Los Angeles Dodgers,SDP,30,0.1,4,190,0,0,0,0,0,0,0,,,,,9,8,4.96,1.582,189,0,3,158.0,146,8,104,114
176,Alex Arias,2000-12-13,San Diego Padres,PHI,33,0.1,9,699,1629,184,439,16,184,9,163,.269,.341,.352,.694,,,,,,,,,,,,
177,Rico Brogna,2000-12-13,Atlanta Braves,BOS,31,-1.0,8,776,2752,364,744,103,437,29,213,.270,.321,.453,.774,,,,,,,,,,,,
178,Scott Forster,2000-12-13,New York Mets,MON,29,-0.8,1,42,0,0,0,0,0,0,0,,,,,0,1,7.88,1.656,42,0,0,32.0,28,5,25,23
179,Kevin Foster,2000-12-13,Texas Rangers,BOS,32,-0.2,6,100,163,15,31,1,19,2,9,.190,.237,.270,.507,32,29,4.79,1.400,91,83,0,492.0,479,86,210,401
180,Robert Machado,2000-12-13,Chicago Cubs,SEA,28,-0.3,5,73,168,21,37,4,20,0,11,.220,.268,.351,.619,,,,,,,,,,,,
181,Chris Michalak,2000-12-13,Toronto Blue Jays,LAD,30,-0.3,1,5,0,0,0,0,0,0,0,,,,,0,0,11.81,2.438,5,0,0,5.1,9,1,4,5
182,Mike Munoz,2000-12-13,Texas Rangers,TEX,35,0.6,12,453,7,2,1,0,1,0,3,.143,.400,.286,.686,18,20,5.19,1.597,453,0,11,364.1,408,34,174,240
183,Jaime Navarro,2000-12-13,Toronto Blue Jays,CLE,34,-4.1,12,361,152,1,22,0,10,0,1,.145,.156,.184,.340,116,126,4.72,1.461,361,309,2,2055.1,2313,214,690,1113
184,Dave Wainhouse,2000-12-13,Chicago Cubs,STL,33,0.1,7,85,5,0,0,0,0,0,0,.000,.000,.000,.000,2,3,7.37,1.819,85,0,0,105.0,130,15,61,66
185,Mike Hampton,2000-12-12,Colorado Rockies,NYM,28,17.5,8,245,372,42,86,0,31,2,32,.231,.296,.277,.573,85,53,3.44,1.367,241,187,1,1260.2,1234,88,489,852
186,Phil Hiatt,2000-12-12,Los Angeles Dodgers,COL,32,,3,140,372,44,79,11,49,7,27,.212,.277,.360,.637,,,,,,,,,,,,
187,Kevin Orie,2000-12-12,Philadelphia Phillies,NYY,28,0.8,3,303,983,113,244,22,111,5,93,.248,.320,.390,.710,,,,,,,,,,,,
188,Kevin Appier,2000-12-11,New York Mets,OAK,33,4.0,12,324,14,0,1,0,0,0,0,.071,.071,.071,.143,136,105,3.63,1.288,324,312,0,2084.2,1926,166,759,1633
189,Darren Dreifort,2000-12-11,Los Angeles Dodgers,LAD,29,6.4,6,191,190,22,37,5,20,1,6,.195,.223,.311,.534,39,45,4.28,1.375,188,87,10,667.0,636,68,281,581
190,Jeff Frye,2000-12-11,Toronto Blue Jays,COL,34,0.3,7,593,1980,292,583,14,179,54,200,.294,.361,.391,.752,,,,,,,,,,,,
191,Doug Henry,2000-12-11,Kansas City Royals,SFG,37,2.6,10,529,17,1,1,0,0,0,0,.059,.059,.059,.118,32,40,3.95,1.410,529,0,82,590.0,536,69,296,484
192,Pat Rapp,2000-12-11,Anaheim Angels,BAL,33,3.4,9,229,242,10,29,1,13,0,1,.120,.123,.149,.272,65,79,4.67,1.570,228,211,0,1217.1,1299,113,612,743
193,Derek Bell,2000-12-10,Pittsburgh Pirates,NYM,32,5.5,10,1164,4422,628,1235,129,655,170,352,.279,.338,.425,.763,0,0,36.00,6.000,1,0,0,1.0,3,0,3,0
194,Ken Caminiti,2000-12-10,Texas Rangers,HOU,38,5.4,14,1642,5932,858,1629,224,942,88,684,.275,.349,.449,.798,,,,,,,,,,,,
195,Ron Gant,2000-12-10,Colorado Rockies,ANA,36,6.1,13,1620,5847,972,1499,292,910,234,697,.256,.336,.469,.805,,,,,,,,,,,,
196,Alex Gonzalez,2000-12-10,Toronto Blue Jays,TOR,28,2.5,7,736,2622,328,637,66,274,67,214,.243,.305,.386,.691,,,,,,,,,,,,
197,Dave Martinez,2000-12-10,Atlanta Braves,TOR,36,1.5,15,1799,5558,762,1531,89,560,180,546,.275,.341,.389,.730,,,,,,,,,,,,
198,Terry Mulholland,2000-12-10,Pittsburgh Pirates,ATL,38,3.6,14,471,606,26,69,2,23,1,13,.114,.134,.149,.282,112,124,4.28,1.333,469,307,5,2146.2,2306,225,555,1124
199,Mark Petkovsek,2000-12-10,Texas Rangers,ANA,35,2.3,8,335,86,10,14,0,3,0,7,.163,.232,.174,.406,45,26,4.50,1.402,335,41,5,633.1,694,68,194,316
200,Ernie Young,2000-12-10,San Diego Padres,STL,31,-0.2,6,280,781,108,175,27,90,10,85,.224,.307,.380,.687,,,,,,,,,,,,
201,Shawon Dunston,2000-12-08,San Francisco Giants,STL,38,-0.4,16,1654,5594,703,1511,140,634,208,198,.270,.297,.416,.713,,,,,,,,,,,,
202,Jeff Fassero,2000-12-08,Chicago Cubs,BOS,38,4.3,10,404,224,16,17,0,5,1,17,.076,.140,.094,.234,100,91,3.89,1.347,404,217,10,1595.1,1592,162,557,1326
203,Andres Galarraga,2000-12-08,Texas Rangers,ATL,40,6.1,15,1915,7123,1078,2070,360,1272,124,503,.291,.348,.506,.854,,,,,,,,,,,,
204,Mark Grace,2000-12-08,Arizona Diamondbacks,CHC,37,9.5,13,1910,7156,1057,2201,148,1004,67,946,.308,.386,.445,.832,,,,,,,,,,,,
205,Dan Plesac,2000-12-08,Toronto Blue Jays,ARI,39,1.1,15,884,15,0,1,0,0,0,0,.067,.067,.067,.133,56,62,3.65,1.292,884,14,154,957.0,887,92,349,895
206,Nerio Rodriguez,2000-12-08,New York Mets,BOS,30,-0.9,4,29,0,0,0,0,0,0,0,,,,,4,6,6.49,1.618,29,7,0,68.0,76,7,34,36
207,Tim Belcher,2000-12-07,Anaheim Angels,ANA,39,1.6,14,394,388,19,48,2,25,0,2,.124,.137,.162,.299,146,140,4.16,1.344,394,373,5,2442.2,2423,264,860,1519
208,Jay Buhner,2000-12-07,Seattle Mariners,SEA,36,3.1,14,1453,4968,793,1263,308,960,6,784,.254,.359,.494,.853,,,,,,,,,,,,
209,Frank Castillo,2000-12-07,Boston Red Sox,TOR,32,2.4,9,232,334,7,37,0,13,0,13,.111,.144,.111,.254,66,79,4.52,1.357,232,218,1,1290.0,1343,157,407,896
210,Jason Dickson,2000-12-07,Toronto Blue Jays,ANA,28,-0.1,4,73,6,1,0,0,0,0,1,.000,.143,.000,.143,26,25,4.99,1.501,73,63,0,397.0,474,60,122,214
211,Cal Eldred,2000-12-07,Chicago White Sox,CHW,33,-0.4,10,198,63,7,7,0,4,0,6,.111,.188,.143,.331,74,67,4.52,1.400,194,189,0,1190.2,1160,149,507,783
212,Mark Gardner,2000-12-07,San Francisco Giants,SFG,39,2.2,12,327,485,21,62,1,21,0,15,.128,.160,.148,.309,94,88,4.51,1.347,322,260,1,1673.0,1659,220,594,1203
213,Dwight Gooden,2000-12-07,New York Yankees,NYY,36,2.8,16,434,741,60,145,8,67,1,14,.196,.212,.262,.474,194,112,3.51,1.256,430,410,3,2800.2,2564,210,954,2293
214,Tony Gwynn HOF,2000-12-07,San Diego Padres,SDP,41,3.7,19,2369,9186,1378,3108,134,1121,318,780,.338,.388,.459,.847,,,,,,,,,,,,
215,James Mouton,2000-12-07,Milwaukee Brewers,MIL,32,-0.4,7,648,1432,203,352,16,137,102,163,.246,.328,.336,.663,,,,,,,,,,,,
216,Mike Mussina,2000-12-07,New York Yankees,BAL,32,15.1,10,288,23,1,4,0,4,0,0,.174,.174,.217,.391,147,81,3.53,1.175,288,288,0,2009.2,1895,210,467,1535
217,Kerry Robinson,2000-12-07,St. Louis Cardinals,NYY,27,-0.1,2,11,4,4,0,0,0,0,0,.000,.000,.000,.000,,,,,,,,,,,,
218,Pete Schourek,2000-12-07,Boston Red Sox,BOS,32,1.7,10,259,269,15,44,2,20,2,10,.164,.192,.201,.393,65,72,4.59,1.402,255,176,2,1118.2,1163,136,405,793
219,Luis Sojo,2000-12-07,New York Yankees,NYY,36,0.5,11,806,2488,295,658,36,252,27,120,.264,.300,.358,.659,,,,,,,,,,,,
220,Ed Sprague,2000-12-07,San Diego Padres,SDP,33,-0.1,10,1158,4001,497,982,150,542,6,347,.245,.317,.418,.736,,,,,,,,,,,,
221,Tim Wakefield,2000-12-07,Boston Red Sox,BOS,34,1.8,8,270,79,3,9,1,3,0,2,.114,.136,.177,.313,85,77,4.47,1.423,267,188,15,1344.0,1342,181,571,872
222,Andy Ashby,2000-12-06,Los Angeles Dodgers,ATL,33,8.0,10,257,457,20,63,0,21,1,13,.138,.161,.166,.328,84,87,4.10,1.316,254,241,1,1542.1,1573,175,457,1016
223,Gary Disarcina,2000-12-06,Anaheim Angels,ANA,33,3.7,12,1086,3744,444,966,28,355,47,154,.258,.292,.341,.633,,,,,,,,,,,,
224,Ozzie Guillen,2000-12-06,Tampa Bay Devil Rays,TBD,37,1.4,16,1993,6686,773,1764,28,619,169,239,.264,.287,.338,.626,,,,,,,,,,,,
225,Mickey Morandini,2000-12-06,Toronto Blue Jays,TOR,35,1.6,11,1298,4558,597,1222,32,351,123,437,.268,.338,.359,.697,,,,,,,,,,,,
226,Rick Reed,2000-12-06,New York Mets,NYM,36,9.6,12,182,253,21,45,2,20,0,11,.178,.213,.233,.446,60,45,3.93,1.217,181,160,1,1020.1,1043,132,199,636
227,Armando Reynoso,2000-12-06,Arizona Diamondbacks,ARI,35,4.1,10,188,327,17,49,3,11,0,16,.150,.189,.193,.382,67,56,4.68,1.441,187,177,1,1031.1,1124,125,362,537
228,Steve Schrenk,2000-12-06,Oakland Athletics,PHI,32,0.1,2,52,3,0,0,0,0,0,0,.000,.000,.000,.000,3,6,5.25,1.262,52,2,1,73.2,66,9,27,55
229,Turk Wendell,2000-12-06,New York Mets,NYM,34,4.7,8,414,37,1,3,0,0,0,5,.081,.190,.081,.272,29,25,3.83,1.396,414,6,31,498.0,445,51,250,421
230,Brett Hinchliffe,2000-12-05,New York Mets,CHC,26,-0.6,2,13,0,0,0,0,0,0,0,,,,,0,4,8.63,1.979,13,4,0,32.1,42,10,22,14
231,Randall Simon,2000-12-05,Detroit Tigers,NYY,26,0.4,3,110,248,30,78,5,30,2,18,.315,.361,.444,.804,,,,,,,,,,,,
232,Denny Neagle,2000-12-04,Colorado Rockies,NYY,32,7.1,10,326,419,20,64,3,34,0,17,.153,.185,.196,.381,105,69,3.92,1.274,320,221,3,1520.0,1478,183,459,1144
233,Jeff Nelson,2000-12-04,Seattle Mariners,NYY,34,3.3,9,534,2,0,0,0,0,0,0,.000,.000,.000,.000,35,32,3.29,1.352,534,0,17,555.1,464,37,287,560
234,Tim Harikkala,2000-12-02,Milwaukee Brewers,MIL,29,-0.1,3,9,0,0,0,0,0,0,0,,,,,1,2,9.15,1.694,9,1,0,20.2,26,2,9,9
235,Chris Latham,2000-12-02,Toronto Blue Jays,COL,28,-1.3,3,63,138,19,21,1,9,4,13,.152,.222,.188,.411,,,,,,,,,,,,
236,Scott Karl,2000-12-01,San Diego Padres,ANA,29,1.8,6,179,134,11,19,2,7,0,8,.142,.194,.216,.411,54,56,4.81,1.530,178,161,0,1002.0,1164,120,369,513
237,Brooks Kieschnick,2000-12-01,Colorado Rockies,CIN,29,-0.3,3,78,131,15,28,5,18,1,16,.214,.299,.359,.658,,,,,,,,,,,,
238,Rheal Cormier,2000-11-30,Philadelphia Phillies,BOS,34,0.8,9,294,184,14,34,0,12,0,3,.185,.202,.217,.420,43,42,4.18,1.287,293,108,0,846.1,906,84,183,507
239,Charlie Greene,2000-11-30,San Diego Padres,TOR,30,-0.6,5,55,75,5,13,0,2,0,5,.173,.222,.200,.422,,,,,,,,,,,,
240,Matt Skrmetta,2000-11-30,Cincinnati Reds,PIT,28,-1.0,1,14,2,0,0,0,0,0,0,.000,.000,.000,.000,2,2,11.66,1.909,14,0,0,14.2,19,3,9,11
241,Jose Valentin,2000-11-30,Chicago White Sox,CHW,31,7.0,9,906,2977,485,732,115,435,97,357,.246,.327,.435,.761,,,,,,,,,,,,
242,Brian Hunter,2000-11-29,Philadelphia Phillies,PHI,33,0.5,9,699,1555,187,364,67,259,4,141,.234,.298,.430,.728,,,,,,,,,,,,
243,Toby Borland,2000-11-27,Anaheim Angels,ANA,32,0.0,5,165,12,1,1,0,2,0,0,.083,.077,.083,.160,9,7,4.01,1.513,165,0,8,224.2,220,16,120,178
244,Pascual Matos,2000-11-27,New York Yankees,ATL,26,-0.2,1,,,,,,,,,,,,,,,,,,,,,,,,
245,John Franco,2000-11-25,New York Mets,NYM,40,2.5,17,940,34,2,3,0,1,0,0,.088,.088,.088,.176,82,74,2.68,1.310,940,0,420,1097.0,1007,62,430,857
246,Ray Holbert,2000-11-22,Tampa Bay Devil Rays,KCR,30,-0.5,5,115,202,28,45,2,11,11,18,.223,.290,.287,.577,,,,,,,,,,,,
247,Mike Metcalfe,2000-11-22,Tampa Bay Devil Rays,LAD,28,-0.2,2,8,13,0,1,0,0,2,1,.077,.143,.077,.220,,,,,,,,,,,,
248,Jose Mesa,2000-11-21,Philadelphia Phillies,SEA,35,0.2,12,557,0,1,0,0,0,0,1,,1.000,,,58,75,4.42,1.474,556,95,138,1096.2,1163,104,454,728
249,Joe Oliver,2000-11-21,New York Yankees,SEA,35,-0.2,12,1059,3319,316,819,101,473,13,246,.247,.299,.392,.691,,,,,,,,,,,,
250,Bryan Corey,2000-11-20,San Diego Padres,OAK,27,-0.1,1,3,0,0,0,0,0,0,0,,,,,0,0,9.00,2.000,3,0,0,4.0,6,1,2,1
251,Jorge Fabregas,2000-11-20,Anaheim Angels,KCR,31,0.1,7,528,1524,131,380,18,173,4,103,.249,.296,.320,.616,,,,,,,,,,,,
252,Domingo Guzman,2000-11-20,San Diego Padres,SDP,26,-0.6,2,8,0,0,0,0,0,0,0,,,,,0,1,19.50,3.000,8,0,0,6.0,14,1,4,4
253,Keith Luuloa,2000-11-20,San Diego Padres,CHC,26,-0.0,1,6,18,3,6,0,0,0,1,.333,.368,.333,.702,,,,,,,,,,,,
254,Ron Mahay,2000-11-20,San Diego Padres,FLA,30,0.2,5,92,24,3,6,1,3,0,1,.250,.308,.500,.808,7,2,4.35,1.469,86,3,2,111.2,110,17,54,83
255,David Moraga,2000-11-20,Colorado Rockies,COL,25,-0.8,1,4,0,0,0,0,0,0,0,,,,,0,0,40.50,4.500,4,0,0,2.2,10,1,2,2
256,Jose Vizcaino,2000-11-20,Houston Astros,NYY,33,0.5,12,1181,3841,460,1035,21,339,65,279,.269,.319,.338,.657,,,,,,,,,,,,
257,Ellis Burks,2000-11-19,Cleveland Indians,SFG,36,9.8,14,1672,6044,1045,1770,285,1012,171,657,.293,.364,.510,.873,,,,,,,,,,,,
258,Dan Smith,2000-11-18,Cleveland Indians,BOS,25,-0.6,2,22,24,3,2,0,1,0,3,.083,.185,.083,.269,4,9,6.10,1.591,22,17,0,93.0,106,12,42,73
259,Ryan Jackson,2000-11-17,Detroit Tigers,TBD,29,-1.3,2,143,328,30,81,5,41,4,26,.247,.304,.354,.657,,,,,,,,,,,,
260,Randy Knorr,2000-11-17,Montreal Expos,TEX,32,-0.6,10,219,585,69,133,21,78,0,39,.227,.277,.388,.665,,,,,,,,,,,,
261,Felipe Lira,2000-11-17,Montreal Expos,MON,29,-0.4,6,160,19,3,4,2,3,0,0,.211,.200,.526,.726,26,46,5.25,1.511,159,79,1,572.1,645,83,220,345
262,Sandy Martinez,2000-11-17,Montreal Expos,FLA,30,-0.5,6,213,557,39,130,6,51,1,37,.233,.287,.338,.624,,,,,,,,,,,,
263,Mark Smith,2000-11-17,Montreal Expos,FLA,31,-0.9,6,301,702,89,171,23,102,15,70,.244,.317,.396,.713,,,,,,,,,,,,
264,Todd Hollandsworth,2000-11-16,Colorado Rockies,COL,28,2.7,6,580,1741,262,472,52,202,55,142,.271,.327,.424,.751,,,,,,,,,,,,
265,Jesse Levis,2000-11-16,Atlanta Braves,CLE,33,-0.2,8,307,621,60,159,3,57,2,73,.256,.337,.308,.645,,,,,,,,,,,,
266,Damaso Marte,2000-11-16,New York Yankees,SEA,26,-0.1,1,5,0,0,0,0,0,0,0,,,,,0,1,9.35,2.538,5,0,0,8.2,16,3,6,3
267,Paul O'Neill,2000-11-16,New York Yankees,NYY,38,9.9,16,1916,6808,964,1969,260,1199,119,844,.289,.365,.471,.836,,,,,,,,,,,,
268,Robert Perez,2000-11-16,New York Yankees,TOR,32,-1.2,5,213,477,48,122,8,44,3,10,.256,.273,.348,.621,,,,,,,,,,,,
269,Willis Roberts,2000-11-16,Baltimore Orioles,CIN,26,-0.2,1,1,0,0,0,0,0,0,0,,,,,0,0,13.50,2.250,1,0,0,1.1,3,0,0,0
270,Julian Tavarez,2000-11-16,Chicago Cubs,COL,28,1.6,8,364,50,1,5,0,0,0,0,.100,.100,.100,.200,40,24,4.41,1.478,364,24,2,552.2,612,53,205,318
271,Mark Dalesandro,2000-11-15,Chicago White Sox,CHC,33,-0.1,4,78,129,17,31,3,17,1,3,.240,.259,.364,.624,,,,,,,,,,,,
272,P.J. Forbes,2000-11-15,Philadelphia Phillies,PHI,33,-0.0,1,9,10,0,1,0,2,0,0,.100,.100,.100,.200,,,,,,,,,,,,
273,Andy Sheets,2000-11-15,Tampa Bay Devil Rays,BOS,29,-1.2,5,266,658,90,140,14,77,12,52,.213,.269,.325,.595,,,,,,,,,,,,
274,Yohanny Valera,2000-11-15,Tampa Bay Devil Rays,MON,24,-0.3,1,7,10,1,0,0,1,0,1,.000,.167,.000,.167,,,,,,,,,,,,
275,Keith Johnson,2000-11-12,Los Angeles Dodgers,ANA,30,0.2,1,6,4,2,2,0,0,0,2,.500,.667,.500,1.167,,,,,,,,,,,,
276,Mandy Romero,2000-11-11,Florida Marlins,CLE,33,-0.1,2,39,70,10,13,2,5,1,6,.186,.250,.286,.536,,,,,,,,,,,,
277,Rob Sasser,2000-11-10,Montreal Expos,DET,26,-0.0,2,,,,,,,,,,,,,,,,,,,,,,,,
278,Ricky Bones,2000-11-09,Florida Marlins,FLA,32,1.5,10,318,18,3,1,0,2,0,3,.056,.182,.056,.237,59,78,4.84,1.467,314,164,1,1214.1,1351,160,431,523
279,Chan Perry,2000-11-09,Atlanta Braves,CLE,28,-0.3,1,13,14,1,1,0,0,0,0,.071,.071,.071,.143,,,,,,,,,,,,
280,Paul Spoljaric,2000-11-09,Tampa Bay Devil Rays,KCR,30,-2.0,6,195,3,0,0,0,0,0,0,.000,.000,.000,.000,8,17,5.52,1.579,195,12,4,277.1,275,41,163,278
281,Ken Cloude,2000-11-08,Seattle Mariners,SEA,26,-1.8,3,,,,,,,,,,,,,,,,,,,,,,,,
282,Joe Davenport,2000-11-08,Colorado Rockies,CHW,25,0.1,1,3,0,0,0,0,0,0,0,,,,,0,0,0.00,1.800,3,0,0,1.2,1,0,2,0
283,David Lamb,2000-11-08,Anaheim Angels,NYM,26,-0.7,2,62,129,19,29,1,13,0,11,.225,.286,.302,.588,,,,,,,,,,,,
284,Derrick Gibson,2000-11-07,Tampa Bay Devil Rays,FLA,26,0.3,2,,,,,,,,,,,,,,,,,,,,,,,,
285,Mark Little,2000-11-07,Colorado Rockies,STL,28,0.0,1,7,12,0,1,0,0,1,2,.083,.214,.083,.298,,,,,,,,,,,,
286,Mike Bell,2000-11-06,Colorado Rockies,CIN,26,0.2,1,19,27,5,6,2,4,0,4,.222,.323,.444,.767,,,,,,,,,,,,
287,Mike Hubbard,2000-11-06,Texas Rangers,ATL,30,-0.8,5,99,181,10,29,3,10,0,4,.160,.182,.215,.397,,,,,,,,,,,,
288,Jason Maxwell,2000-11-06,Minnesota Twins,MIN,29,0.3,2,71,114,16,28,2,13,2,9,.246,.299,.351,.650,,,,,,,,,,,,
289,Aaron Holbert,2000-11-05,Toronto Blue Jays,FLA,28,,1,1,3,0,0,0,0,0,0,.000,.000,.000,.000,,,,,,,,,,,,
290,Miguel Batista,2000-11-03,Arizona Diamondbacks,KCR,30,-0.7,6,134,79,6,7,1,3,0,3,.089,.122,.139,.261,13,24,5.24,1.599,134,45,1,384.2,421,46,194,258
291,Ryan McGuire,2000-11-03,Florida Marlins,NYM,29,-2.3,4,303,551,56,121,6,45,2,79,.220,.316,.323,.640,,,,,,,,,,,,
292,Joe Strong,2000-11-03,Florida Marlins,FLA,38,-0.5,1,18,1,0,0,0,0,0,0,.000,.000,.000,.000,1,1,7.32,1.932,18,0,1,19.2,26,3,12,18
293,Mike Mahoney,2000-11-02,Chicago Cubs,CHC,28,0.1,1,4,7,1,2,0,1,0,1,.286,.444,.429,.873,,,,,,,,,,,,
294,Bill Pulsipher,2000-11-02,Tampa Bay Devil Rays,ARI,27,-0.8,4,65,81,7,10,0,4,0,5,.123,.170,.148,.319,13,19,5.04,1.495,64,46,0,293.0,320,39,118,181
295,B.J. Waszgis,2000-11-02,Florida Marlins,TEX,30,-0.5,1,24,45,6,10,0,4,0,4,.222,.294,.244,.539,,,,,,,,,,,,
296,Adam Hyzdu,2000-11-01,Pittsburgh Pirates,PIT,29,0.1,1,12,18,2,7,1,4,0,0,.389,.389,.667,1.056,,,,,,,,,,,,
297,Travis Smith,2000-11-01,Houston Astros,MIL,28,0.1,1,1,1,0,0,0,0,0,0,.000,.000,.000,.000,0,0,0.00,0.500,1,0,0,2.0,1,0,0,1
298,Rocky Coppinger,2000-10-30,Milwaukee Brewers,MIL,27,0.4,4,74,3,0,1,0,0,0,0,.333,.333,.333,.667,16,11,5.34,1.589,74,29,0,219.0,223,43,125,195
299,Carlos Castillo,2000-10-27,Boston Red Sox,BOS,26,0.2,3,109,2,0,1,0,0,0,0,.500,.500,.500,1.000,10,7,5.03,1.392,109,6,1,207.2,207,36,82,130
300,Willie Morales,2000-10-26,Baltimore Orioles,BAL,28,0.1,1,3,11,1,3,0,0,0,0,.273,.273,.364,.636,,,,,,,,,,,,
301,Julio Mosquera,2000-10-25,New York Yankees,NYY,29,,2,11,30,2,7,0,2,0,0,.233,.258,.333,.591,,,,,,,,,,,,
302,Sean Runyan,2000-10-24,Detroit Tigers,DET,27,1.2,3,103,0,0,0,0,0,0,0,,,,,1,5,3.66,1.422,103,0,1,64.0,58,9,33,46